first_name;last_name;age;gender;salary;country;job_title
Benjamin;Becker;23;Male;96133.19;France;Project Manager
Anna;Jung;28;Female;91399.06;Spain;Software Developer
Marco;Schmitz;24;Male;44175.2;France;Project Manager
Katharina;Mayer;23;Female;82970.89;Spain;Business Analyst
Jan;Krause;59;Male;62307.92;Germany;Sales Executive
Lea;Scholz;49;Female;66838.29;Switzerland;Project Manager
Michael;Krüger;28;Male;48770.45;Austria;DevOps Engineer
Johanna;Mayer;38;Female;100920.36;Denmark;UI/UX Designer
Leon;Lange;27;Male;82298.97;Italy;Solutions Architect
Johanna;König;34;Female;93433.74;Germany;HR Specialist
Jan;Schwarz;27;Male;104438.19;Austria;Business Analyst
Lena;Meier;62;Female;102890.06;Switzerland;DevOps Engineer
Simon;Richter;39;Male;93232.88;Austria;Marketing Manager
Lisa;Schäfer;56;Female;95226.26;Switzerland;System Administrator
Florian;Neumann;62;Male;92235.82;France;HR Specialist
Luisa;Fischer;36;Female;101991.59;Poland;Business Analyst
David;Weber;35;Male;108658.94;Italy;Solutions Architect
Melanie;Braun;35;Female;89847.02;Czech Republic;Solutions Architect
Benjamin;Meier;31;Male;61336.25;France;Financial Analyst
Sarah;Köhler;38;Female;96532.01;Czech Republic;Solutions Architect
Marco;Schmitt;45;Male;58010.42;Switzerland;UI/UX Designer
Julia;Meyer;25;Female;104860.51;Switzerland;HR Specialist
Julian;Lang;49;Male;85537.86;Czech Republic;Business Analyst
Vanessa;Meier;55;Female;60353.23;Spain;Quality Assurance Engineer
Max;Lang;29;Male;91764.86;Spain;Sales Executive
Lena;Fuchs;43;Female;50143.31;Czech Republic;Data Scientist
Niklas;Müller;38;Male;112947.83;Switzerland;UI/UX Designer
Sophia;Kaiser;41;Female;103441.86;Spain;Marketing Manager
Tim;Hoffmann;45;Male;97663.29;Spain;Sales Executive
Katharina;Müller;60;Female;65663.39;Germany;Software Developer
Simon;Zimmermann;37;Male;46228.54;Italy;Software Developer
Hannah;Weiß;53;Female;101569.7;Spain;Sales Executive
Paul;Schulz;52;Male;111119.95;Switzerland;Product Owner
Katharina;Mayer;49;Female;112398.49;Spain;Sales Executive
Fabian;Scholz;34;Male;94045.28;Czech Republic;HR Specialist
Lisa;Hartmann;50;Female;107671.83;Denmark;Software Developer
Jan;Klein;26;Male;66680.25;Italy;UI/UX Designer
Marie;Walter;36;Female;42524.93;Germany;Project Manager
Felix;Schneider;43;Male;47172.59;France;Product Owner
Isabell;Schmid;35;Female;81364.08;Italy;Marketing Manager
Jonas;Wolf;52;Male;100947.28;France;Software Developer
Sophia;Peters;49;Female;67863.72;Czech Republic;System Administrator
Fabian;Fischer;28;Male;46424.73;Poland;Sales Executive
Sophia;Wolf;34;Female;55885.25;Denmark;Data Scientist
Tobias;Koch;39;Male;75771.85;Austria;System Administrator
Sarah;Wagner;25;Female;89606.58;Spain;Quality Assurance Engineer
Max;Meyer;37;Male;54140.71;Denmark;System Administrator
Lina;Schmitt;25;Female;54018.51;Germany;Business Analyst
David;Meier;40;Male;72879.55;Spain;HR Specialist
Melanie;Schmid;31;Female;55862.54;France;Data Engineer
Marco;Jung;56;Male;46449.9;Poland;Data Engineer
Emma;Walter;52;Female;78708.08;Spain;Data Scientist
Lukas;Schulze;27;Male;104148.01;Austria;Marketing Manager
Hannah;Lang;37;Female;71475.62;Italy;Project Manager
Marco;Mayer;24;Male;87214.85;Czech Republic;HR Specialist
Elena;König;55;Female;65095.0;Netherlands;Project Manager
Christoph;Möller;42;Male;59424.07;Czech Republic;Data Scientist
Isabell;Fuchs;41;Female;75377.39;Austria;Data Engineer
Niklas;Huber;58;Male;114715.04;Austria;UI/UX Designer
Lina;Schulze;38;Female;51669.33;Poland;Solutions Architect
