id;name;department;salary;join_date
1;Alice Johnson;Engineering;85000.5;15.03.2021
2;Bob Smith;Marketing;62000.0;01.06.2020
3;Charlie Brown;Engineering;92000.0;12.11.2019
4;Diana Prince;HR;55000.0;10.01.2022
5;Evan Wright;Marketing;68000.75;23.08.2021
6;Fiona Gallagher;HR;58000.0;18.02.2023
7;George Clark;Finance;74000.0;05.04.2018
8;Hannah Abbott;Engineering;89000.25;12.09.2020
9;Ian Malcolm;Finance;95000.0;01.12.2017
10;Julia Roberts;Sales;61000.5;30.07.2021
11;Kevin Bacon;Sales;63000.0;14.05.2019
12;Laura Croft;Engineering;98000.0;22.10.2016
13;Michael Scott;Management;105000.0;01.04.2010
14;Nina Nina;Marketing;59000.0;11.01.2023
15;Oscar Martinez;Finance;82000.0;19.08.2015
16;Pam Beesly;HR;52000.0;03.03.2018
17;Quinn Fabray;Sales;57000.25;27.06.2022
18;Ryan Howard;Marketing;64000.0;08.09.2021
19;Sarah Connor;Engineering;91000.0;14.02.2019
20;Tom Riddle;Finance;88000.0;31.10.2018
21;Ursula Buffay;HR;51000.0;05.05.2021
22;Victor Stone;Engineering;87000.5;16.07.2020
23;Walter White;Engineering;110000.0;01.01.2015
24;Xena Warrior;Sales;72000.0;12.04.2021
25;Yara Greyjoy;Logistics;65000.0;09.09.2019
26;Zack Morris;Marketing;60000.0;15.08.2022
27;Arthur Dent;Logistics;53000.0;25.05.2020
28;Bruce Wayne;Management;150000.0;01.01.2012
29;Clark Kent;Media;58000.0;10.10.2018
30;David Rose;Sales;69000.0;04.11.2021
31;Elena Gilbert;HR;54000.0;18.01.2022
32;Frank Castle;Security;75000.0;07.03.2017
33;Gwen Stacy;Engineering;86000.0;21.09.2021
34;Harry Potter;Security;80000.0;01.09.2019
35;Iris West;Media;62000.0;13.12.2020
36;Jack Sparrow;Logistics;70000.0;19.05.2016
37;Kate Bishop;Sales;63000.0;28.02.2022
38;Luke Skywalker;Engineering;94000.0;04.05.2017
39;Mary Jane;Marketing;66000.0;11.08.2020
40;Neville Longbottom;HR;56000.0;01.10.2021
41;Oliver Queen;Management;125000.0;15.01.2016
42;Peter Parker;Engineering;78000.0;10.08.2021
43;Quentin Tarantino;Media;99000.0;24.03.2015
44;Rachel Green;Sales;67000.0;17.09.2019
45;Steve Rogers;Security;83000.0;04.07.2018
46;Tony Stark;Engineering;160000.0;29.05.2011
47;Umar Dumbledore;Management;140000.0;01.09.2008
48;Velma Dinkley;Engineering;89000.0;13.04.2020
49;Wanda Maximoff;Finance;93000.0;20.11.2019
50;Zoe Saldana;Media;71000.0;06.06.2021
