id,name,department,salary,join_date
1,Alice Johnson,Engineering,85000.50,15.03.2021
2,Bob Smith,Marketing,62000.00,01.06.2020
3,Charlie Brown,Engineering,92000.00,12.11.2019
4,Diana Prince,HR,55000.00,10.01.2022
5,Evan Wright,Marketing,68000.75,23.08.2021
6,Fiona Gallagher,HR,58000.00,18.02.2023
7,George Clark,Finance,74000.00,05.04.2018
8,Hannah Abbott,Engineering,89000.25,12.09.2020
9,Ian Malcolm,Finance,95000.00,01.12.2017
10,Julia Roberts,Sales,61000.50,30.07.2021
11,Kevin Bacon,Sales,63000.00,14.05.2019
12,Laura Croft,Engineering,98000.00,22.10.2016
13,Michael Scott,Management,105000.00,01.04.2010
14,Nina Nina,Marketing,59000.00,11.01.2023
15,Oscar Martinez,Finance,82000.00,19.08.2015
16,Pam Beesly,HR,52000.00,03.03.2018
17,Quinn Fabray,Sales,57000.25,27.06.2022
18,Ryan Howard,Marketing,64000.00,08.09.2021
19,Sarah Connor,Engineering,91000.00,14.02.2019
20,Tom Riddle,Finance,88000.00,31.10.2018
21,Ursula Buffay,HR,51000.00,05.05.2021
22,Victor Stone,Engineering,87000.50,16.07.2020
23,Walter White,Engineering,110000.00,01.01.2015
24,Xena Warrior,Sales,72000.00,12.04.2021
25,Yara Greyjoy,Logistics,65000.00,09.09.2019
26,Zack Morris,Marketing,60000.00,15.08.2022
27,Arthur Dent,Logistics,53000.00,25.05.2020
28,Bruce Wayne,Management,150000.00,01.01.2012
29,Clark Kent,Media,58000.00,10.10.2018
30,David Rose,Sales,69000.00,04.11.2021
31,Elena Gilbert,HR,54000.00,18.01.2022
32,Frank Castle,Security,75000.00,07.03.2017
33,Gwen Stacy,Engineering,86000.00,21.09.2021
34,Harry Potter,Security,80000.00,01.09.2019
35,Iris West,Media,62000.00,13.12.2020
36,Jack Sparrow,Logistics,70000.00,19.05.2016
37,Kate Bishop,Sales,63000.00,28.02.2022
38,Luke Skywalker,Engineering,94000.00,04.05.2017
39,Mary Jane,Marketing,66000.00,11.08.2020
40,Neville Longbottom,HR,56000.00,01.10.2021
41,Oliver Queen,Management,125000.00,15.01.2016
42,Peter Parker,Engineering,78000.00,10.08.2021
43,Quentin Tarantino,Media,99000.00,24.03.2015
44,Rachel Green,Sales,67000.00,17.09.2019
45,Steve Rogers,Security,83000.00,04.07.2018
46,Tony Stark,Engineering,160000.00,29.05.2011
47,Umar Dumbledore,Management,140000.00,01.09.2008
48,Velma Dinkley,Engineering,89000.00,13.04.2020
49,Wanda Maximoff,Finance,93000.00,20.11.2019
50,Zoe Saldana,Media,71000.00,06.06.2021